Reagent,Product Name,Manufacturer,Catalog No.,Price,Storage Conditions,Link,Provenance
"Small molecule mix","[PLEASE FILL IN]","[PLEASE FILL IN]","[PLEASE FILL IN]","[PLEASE FILL IN]","[PLEASE FILL IN]","[PLEASE FILL IN]","unmatched"
"tRNA","[PLEASE FILL IN]","[PLEASE FILL IN]","[PLEASE FILL IN]","[PLEASE FILL IN]","[PLEASE FILL IN]","[PLEASE FILL IN]","unmatched"
"Protein mix","[PLEASE FILL IN]","[PLEASE FILL IN]","[PLEASE FILL IN]","[PLEASE FILL IN]","[PLEASE FILL IN]","[PLEASE FILL IN]","unmatched"
"Ribosomes","[PLEASE FILL IN]","[PLEASE FILL IN]","[PLEASE FILL IN]","[PLEASE FILL IN]","[PLEASE FILL IN]","[PLEASE FILL IN]","unmatched"
"RNase inhibitor","[PLEASE FILL IN]","[PLEASE FILL IN]","[PLEASE FILL IN]","[PLEASE FILL IN]","[PLEASE FILL IN]","[PLEASE FILL IN]","unmatched; nearest: RNase Inhibitor, Murine [M0314S] (NEB) - suggestion only, not a match"
"Nuclease free water","[PLEASE FILL IN]","[PLEASE FILL IN]","[PLEASE FILL IN]","[PLEASE FILL IN]","[PLEASE FILL IN]","[PLEASE FILL IN]","unmatched"
"AHSL","[PLEASE FILL IN]","[PLEASE FILL IN]","[PLEASE FILL IN]","[PLEASE FILL IN]","[PLEASE FILL IN]","[PLEASE FILL IN]","unmatched"
"Fluorescein","[PLEASE FILL IN]","[PLEASE FILL IN]","[PLEASE FILL IN]","[PLEASE FILL IN]","[PLEASE FILL IN]","[PLEASE FILL IN]","unmatched"
"Q5 polymerase","[PLEASE FILL IN]","[PLEASE FILL IN]","[PLEASE FILL IN]","[PLEASE FILL IN]","[PLEASE FILL IN]","[PLEASE FILL IN]","unmatched"
"HF buffer","[PLEASE FILL IN]","[PLEASE FILL IN]","[PLEASE FILL IN]","[PLEASE FILL IN]","[PLEASE FILL IN]","[PLEASE FILL IN]","unmatched"
"M15 Fwd primer","[PLEASE FILL IN]","[PLEASE FILL IN]","[PLEASE FILL IN]","[PLEASE FILL IN]","[PLEASE FILL IN]","[PLEASE FILL IN]","unmatched"
"M15 Rev primer","[PLEASE FILL IN]","[PLEASE FILL IN]","[PLEASE FILL IN]","[PLEASE FILL IN]","[PLEASE FILL IN]","[PLEASE FILL IN]","unmatched"
"Magnesium","[PLEASE FILL IN]","[PLEASE FILL IN]","[PLEASE FILL IN]","[PLEASE FILL IN]","[PLEASE FILL IN]","[PLEASE FILL IN]","unmatched; nearest: Magnesium acetate [M0631-100G], Magnesium chloride [M2670-500G] - suggestions only, the log does not say which salt"
"E.coli pol","[PLEASE FILL IN]","[PLEASE FILL IN]","[PLEASE FILL IN]","[PLEASE FILL IN]","[PLEASE FILL IN]","[PLEASE FILL IN]","unmatched"
