Well,Date,Experiment,Name,Type
I1,2026-10-02,MB - MgSweepof preeincubation,0-5µM AHSL,Sample
I2,2026-10-02,MB - MgSweepof preeincubation,0-5µM AHSL,Sample
I4,2026-10-02,MB - MgSweepof preeincubation,20-5µM AHSL,Sample
I5,2026-10-02,MB - MgSweepof preeincubation,20-5µM AHSL,Sample
I7,2026-10-02,MB - MgSweepof preeincubation,10-5µM AHSL,Sample
I8,2026-10-02,MB - MgSweepof preeincubation,10-5µM AHSL,Sample
I10,2026-10-02,MB - MgSweepof preeincubation,5-5µM AHSL,Sample
I11,2026-10-02,MB - MgSweepof preeincubation,5-5µM AHSL,Sample
J1,2026-10-02,MB - MgSweepof preeincubation,0,Sample
J2,2026-10-02,MB - MgSweepof preeincubation,0,Sample
J4,2026-10-02,MB - MgSweepof preeincubation,20,Sample
J5,2026-10-02,MB - MgSweepof preeincubation,20,Sample
J7,2026-10-02,MB - MgSweepof preeincubation,10,Sample
J8,2026-10-02,MB - MgSweepof preeincubation,10,Sample
J10,2026-10-02,MB - MgSweepof preeincubation,5,Sample
J11,2026-10-02,MB - MgSweepof preeincubation,5,Sample