Well,Date,Experiment,Name,Type,Rxn Volume (uL),EsaR Vol (uL),DNA Template (nM),[AHSL] (uM),[Fluorescein] (uM)
B2,2026-09-24,EsaO-mNG / [EsaO]2-mNG DNA template titration +/- AHSL (EsaR fixed at highest prior dose),mNG,Sample,10,0,0,0,
B3,2026-09-24,EsaO-mNG / [EsaO]2-mNG DNA template titration +/- AHSL (EsaR fixed at highest prior dose),mNG,Sample,10,0,0,0,
B4,2026-09-24,EsaO-mNG / [EsaO]2-mNG DNA template titration +/- AHSL (EsaR fixed at highest prior dose),mNG,Sample,10,0,0,0,
B6,2026-09-24,EsaO-mNG / [EsaO]2-mNG DNA template titration +/- AHSL (EsaR fixed at highest prior dose),Fluorescein 0uM,Standard,10,0,0,0,0
B7,2026-09-24,EsaO-mNG / [EsaO]2-mNG DNA template titration +/- AHSL (EsaR fixed at highest prior dose),Fluorescein 0uM,Standard,10,0,0,0,0
B10,2026-09-24,EsaO-mNG / [EsaO]2-mNG DNA template titration +/- AHSL (EsaR fixed at highest prior dose),Fluorescein 0.5uM,Standard,10,0,0,0,0.5
B11,2026-09-24,EsaO-mNG / [EsaO]2-mNG DNA template titration +/- AHSL (EsaR fixed at highest prior dose),Fluorescein 0.5uM,Standard,10,0,0,0,0.5
B14,2026-09-24,EsaO-mNG / [EsaO]2-mNG DNA template titration +/- AHSL (EsaR fixed at highest prior dose),Fluorescein 1uM,Standard,10,0,0,0,1
B15,2026-09-24,EsaO-mNG / [EsaO]2-mNG DNA template titration +/- AHSL (EsaR fixed at highest prior dose),Fluorescein 1uM,Standard,10,0,0,0,1
B18,2026-09-24,EsaO-mNG / [EsaO]2-mNG DNA template titration +/- AHSL (EsaR fixed at highest prior dose),Fluorescein 2uM,Standard,10,0,0,0,2
B19,2026-09-24,EsaO-mNG / [EsaO]2-mNG DNA template titration +/- AHSL (EsaR fixed at highest prior dose),Fluorescein 2uM,Standard,10,0,0,0,2
D2,2026-09-24,EsaO-mNG / [EsaO]2-mNG DNA template titration +/- AHSL (EsaR fixed at highest prior dose),EsaO-mNG + 0.1nM DNA,Sample,10,2.275,0.1,0,
D3,2026-09-24,EsaO-mNG / [EsaO]2-mNG DNA template titration +/- AHSL (EsaR fixed at highest prior dose),EsaO-mNG + 0.1nM DNA,Sample,10,2.275,0.1,0,
D4,2026-09-24,EsaO-mNG / [EsaO]2-mNG DNA template titration +/- AHSL (EsaR fixed at highest prior dose),EsaO-mNG + 0.1nM DNA,Sample,10,2.275,0.1,0,
D6,2026-09-24,EsaO-mNG / [EsaO]2-mNG DNA template titration +/- AHSL (EsaR fixed at highest prior dose),EsaO-mNG + 0.1nM DNA + AHSL,Sample,10,2.275,0.1,5,
D7,2026-09-24,EsaO-mNG / [EsaO]2-mNG DNA template titration +/- AHSL (EsaR fixed at highest prior dose),EsaO-mNG + 0.1nM DNA + AHSL,Sample,10,2.275,0.1,5,
D8,2026-09-24,EsaO-mNG / [EsaO]2-mNG DNA template titration +/- AHSL (EsaR fixed at highest prior dose),EsaO-mNG + 0.1nM DNA + AHSL,Sample,10,2.275,0.1,5,
D10,2026-09-24,EsaO-mNG / [EsaO]2-mNG DNA template titration +/- AHSL (EsaR fixed at highest prior dose),EsaO-mNG + 0.5nM DNA,Sample,10,2.275,0.5,0,
D11,2026-09-24,EsaO-mNG / [EsaO]2-mNG DNA template titration +/- AHSL (EsaR fixed at highest prior dose),EsaO-mNG + 0.5nM DNA,Sample,10,2.275,0.5,0,
D12,2026-09-24,EsaO-mNG / [EsaO]2-mNG DNA template titration +/- AHSL (EsaR fixed at highest prior dose),EsaO-mNG + 0.5nM DNA,Sample,10,2.275,0.5,0,
D14,2026-09-24,EsaO-mNG / [EsaO]2-mNG DNA template titration +/- AHSL (EsaR fixed at highest prior dose),EsaO-mNG + 0.5nM DNA + AHSL,Sample,10,2.275,0.5,5,
D15,2026-09-24,EsaO-mNG / [EsaO]2-mNG DNA template titration +/- AHSL (EsaR fixed at highest prior dose),EsaO-mNG + 0.5nM DNA + AHSL,Sample,10,2.275,0.5,5,
D16,2026-09-24,EsaO-mNG / [EsaO]2-mNG DNA template titration +/- AHSL (EsaR fixed at highest prior dose),EsaO-mNG + 0.5nM DNA + AHSL,Sample,10,2.275,0.5,5,
F2,2026-09-24,EsaO-mNG / [EsaO]2-mNG DNA template titration +/- AHSL (EsaR fixed at highest prior dose),EsaO-mNG + 1nM DNA,Sample,10,2.275,1,0,
F3,2026-09-24,EsaO-mNG / [EsaO]2-mNG DNA template titration +/- AHSL (EsaR fixed at highest prior dose),EsaO-mNG + 1nM DNA,Sample,10,2.275,1,0,
F4,2026-09-24,EsaO-mNG / [EsaO]2-mNG DNA template titration +/- AHSL (EsaR fixed at highest prior dose),EsaO-mNG + 1nM DNA,Sample,10,2.275,1,0,
F6,2026-09-24,EsaO-mNG / [EsaO]2-mNG DNA template titration +/- AHSL (EsaR fixed at highest prior dose),EsaO-mNG + 1nM DNA + AHSL,Sample,10,2.275,1,5,
F7,2026-09-24,EsaO-mNG / [EsaO]2-mNG DNA template titration +/- AHSL (EsaR fixed at highest prior dose),EsaO-mNG + 1nM DNA + AHSL,Sample,10,2.275,1,5,
F8,2026-09-24,EsaO-mNG / [EsaO]2-mNG DNA template titration +/- AHSL (EsaR fixed at highest prior dose),EsaO-mNG + 1nM DNA + AHSL,Sample,10,2.275,1,5,
F10,2026-09-24,EsaO-mNG / [EsaO]2-mNG DNA template titration +/- AHSL (EsaR fixed at highest prior dose),EsaO-mNG + 3nM DNA,Sample,10,2.275,3,0,
F11,2026-09-24,EsaO-mNG / [EsaO]2-mNG DNA template titration +/- AHSL (EsaR fixed at highest prior dose),EsaO-mNG + 3nM DNA,Sample,10,2.275,3,0,
F12,2026-09-24,EsaO-mNG / [EsaO]2-mNG DNA template titration +/- AHSL (EsaR fixed at highest prior dose),EsaO-mNG + 3nM DNA,Sample,10,2.275,3,0,
F14,2026-09-24,EsaO-mNG / [EsaO]2-mNG DNA template titration +/- AHSL (EsaR fixed at highest prior dose),EsaO-mNG + 3nM DNA + AHSL,Sample,10,2.275,3,5,
F15,2026-09-24,EsaO-mNG / [EsaO]2-mNG DNA template titration +/- AHSL (EsaR fixed at highest prior dose),EsaO-mNG + 3nM DNA + AHSL,Sample,10,2.275,3,5,
F16,2026-09-24,EsaO-mNG / [EsaO]2-mNG DNA template titration +/- AHSL (EsaR fixed at highest prior dose),EsaO-mNG + 3nM DNA + AHSL,Sample,10,2.275,3,5,
H2,2026-09-24,EsaO-mNG / [EsaO]2-mNG DNA template titration +/- AHSL (EsaR fixed at highest prior dose),EsaO-mNG + 6nM DNA,Sample,10,2.275,6,0,
H3,2026-09-24,EsaO-mNG / [EsaO]2-mNG DNA template titration +/- AHSL (EsaR fixed at highest prior dose),EsaO-mNG + 6nM DNA,Sample,10,2.275,6,0,
H4,2026-09-24,EsaO-mNG / [EsaO]2-mNG DNA template titration +/- AHSL (EsaR fixed at highest prior dose),EsaO-mNG + 6nM DNA,Sample,10,2.275,6,0,
H6,2026-09-24,EsaO-mNG / [EsaO]2-mNG DNA template titration +/- AHSL (EsaR fixed at highest prior dose),EsaO-mNG + 6nM DNA + AHSL,Sample,10,2.275,6,5,
H7,2026-09-24,EsaO-mNG / [EsaO]2-mNG DNA template titration +/- AHSL (EsaR fixed at highest prior dose),EsaO-mNG + 6nM DNA + AHSL,Sample,10,2.275,6,5,
H8,2026-09-24,EsaO-mNG / [EsaO]2-mNG DNA template titration +/- AHSL (EsaR fixed at highest prior dose),EsaO-mNG + 6nM DNA + AHSL,Sample,10,2.275,6,5,
H10,2026-09-24,EsaO-mNG / [EsaO]2-mNG DNA template titration +/- AHSL (EsaR fixed at highest prior dose),EsaO-mNG + 9nM DNA,Sample,10,2.275,9,0,
H11,2026-09-24,EsaO-mNG / [EsaO]2-mNG DNA template titration +/- AHSL (EsaR fixed at highest prior dose),EsaO-mNG + 9nM DNA,Sample,10,2.275,9,0,
H12,2026-09-24,EsaO-mNG / [EsaO]2-mNG DNA template titration +/- AHSL (EsaR fixed at highest prior dose),EsaO-mNG + 9nM DNA,Sample,10,2.275,9,0,
H14,2026-09-24,EsaO-mNG / [EsaO]2-mNG DNA template titration +/- AHSL (EsaR fixed at highest prior dose),EsaO-mNG + 9nM DNA + AHSL,Sample,10,2.275,9,5,
H15,2026-09-24,EsaO-mNG / [EsaO]2-mNG DNA template titration +/- AHSL (EsaR fixed at highest prior dose),EsaO-mNG + 9nM DNA + AHSL,Sample,10,2.275,9,5,
H16,2026-09-24,EsaO-mNG / [EsaO]2-mNG DNA template titration +/- AHSL (EsaR fixed at highest prior dose),EsaO-mNG + 9nM DNA + AHSL,Sample,10,2.275,9,5,
J2,2026-09-24,EsaO-mNG / [EsaO]2-mNG DNA template titration +/- AHSL (EsaR fixed at highest prior dose),[EsaO]2-mNG + 0.1nM DNA,Sample,10,2.275,0.1,0,
J3,2026-09-24,EsaO-mNG / [EsaO]2-mNG DNA template titration +/- AHSL (EsaR fixed at highest prior dose),[EsaO]2-mNG + 0.1nM DNA,Sample,10,2.275,0.1,0,
J4,2026-09-24,EsaO-mNG / [EsaO]2-mNG DNA template titration +/- AHSL (EsaR fixed at highest prior dose),[EsaO]2-mNG + 0.1nM DNA,Sample,10,2.275,0.1,0,
J6,2026-09-24,EsaO-mNG / [EsaO]2-mNG DNA template titration +/- AHSL (EsaR fixed at highest prior dose),[EsaO]2-mNG + 0.1nM DNA + AHSL,Sample,10,2.275,0.1,5,
J7,2026-09-24,EsaO-mNG / [EsaO]2-mNG DNA template titration +/- AHSL (EsaR fixed at highest prior dose),[EsaO]2-mNG + 0.1nM DNA + AHSL,Sample,10,2.275,0.1,5,
J8,2026-09-24,EsaO-mNG / [EsaO]2-mNG DNA template titration +/- AHSL (EsaR fixed at highest prior dose),[EsaO]2-mNG + 0.1nM DNA + AHSL,Sample,10,2.275,0.1,5,
J10,2026-09-24,EsaO-mNG / [EsaO]2-mNG DNA template titration +/- AHSL (EsaR fixed at highest prior dose),[EsaO]2-mNG + 0.5nM DNA,Sample,10,2.275,0.5,0,
J11,2026-09-24,EsaO-mNG / [EsaO]2-mNG DNA template titration +/- AHSL (EsaR fixed at highest prior dose),[EsaO]2-mNG + 0.5nM DNA,Sample,10,2.275,0.5,0,
J12,2026-09-24,EsaO-mNG / [EsaO]2-mNG DNA template titration +/- AHSL (EsaR fixed at highest prior dose),[EsaO]2-mNG + 0.5nM DNA,Sample,10,2.275,0.5,0,
J14,2026-09-24,EsaO-mNG / [EsaO]2-mNG DNA template titration +/- AHSL (EsaR fixed at highest prior dose),[EsaO]2-mNG + 0.5nM DNA + AHSL,Sample,10,2.275,0.5,5,
J15,2026-09-24,EsaO-mNG / [EsaO]2-mNG DNA template titration +/- AHSL (EsaR fixed at highest prior dose),[EsaO]2-mNG + 0.5nM DNA + AHSL,Sample,10,2.275,0.5,5,
J16,2026-09-24,EsaO-mNG / [EsaO]2-mNG DNA template titration +/- AHSL (EsaR fixed at highest prior dose),[EsaO]2-mNG + 0.5nM DNA + AHSL,Sample,10,2.275,0.5,5,
L2,2026-09-24,EsaO-mNG / [EsaO]2-mNG DNA template titration +/- AHSL (EsaR fixed at highest prior dose),[EsaO]2-mNG + 1nM DNA,Sample,10,2.275,1,0,
L3,2026-09-24,EsaO-mNG / [EsaO]2-mNG DNA template titration +/- AHSL (EsaR fixed at highest prior dose),[EsaO]2-mNG + 1nM DNA,Sample,10,2.275,1,0,
L4,2026-09-24,EsaO-mNG / [EsaO]2-mNG DNA template titration +/- AHSL (EsaR fixed at highest prior dose),[EsaO]2-mNG + 1nM DNA,Sample,10,2.275,1,0,
L6,2026-09-24,EsaO-mNG / [EsaO]2-mNG DNA template titration +/- AHSL (EsaR fixed at highest prior dose),[EsaO]2-mNG + 1nM DNA + AHSL,Sample,10,2.275,1,5,
L7,2026-09-24,EsaO-mNG / [EsaO]2-mNG DNA template titration +/- AHSL (EsaR fixed at highest prior dose),[EsaO]2-mNG + 1nM DNA + AHSL,Sample,10,2.275,1,5,
L8,2026-09-24,EsaO-mNG / [EsaO]2-mNG DNA template titration +/- AHSL (EsaR fixed at highest prior dose),[EsaO]2-mNG + 1nM DNA + AHSL,Sample,10,2.275,1,5,
L10,2026-09-24,EsaO-mNG / [EsaO]2-mNG DNA template titration +/- AHSL (EsaR fixed at highest prior dose),[EsaO]2-mNG + 3nM DNA,Sample,10,2.275,3,0,
L11,2026-09-24,EsaO-mNG / [EsaO]2-mNG DNA template titration +/- AHSL (EsaR fixed at highest prior dose),[EsaO]2-mNG + 3nM DNA,Sample,10,2.275,3,0,
L12,2026-09-24,EsaO-mNG / [EsaO]2-mNG DNA template titration +/- AHSL (EsaR fixed at highest prior dose),[EsaO]2-mNG + 3nM DNA,Sample,10,2.275,3,0,
L14,2026-09-24,EsaO-mNG / [EsaO]2-mNG DNA template titration +/- AHSL (EsaR fixed at highest prior dose),[EsaO]2-mNG + 3nM DNA + AHSL,Sample,10,2.275,3,5,
L15,2026-09-24,EsaO-mNG / [EsaO]2-mNG DNA template titration +/- AHSL (EsaR fixed at highest prior dose),[EsaO]2-mNG + 3nM DNA + AHSL,Sample,10,2.275,3,5,
L16,2026-09-24,EsaO-mNG / [EsaO]2-mNG DNA template titration +/- AHSL (EsaR fixed at highest prior dose),[EsaO]2-mNG + 3nM DNA + AHSL,Sample,10,2.275,3,5,
N2,2026-09-24,EsaO-mNG / [EsaO]2-mNG DNA template titration +/- AHSL (EsaR fixed at highest prior dose),[EsaO]2-mNG + 6nM DNA,Sample,10,2.275,6,0,
N3,2026-09-24,EsaO-mNG / [EsaO]2-mNG DNA template titration +/- AHSL (EsaR fixed at highest prior dose),[EsaO]2-mNG + 6nM DNA,Sample,10,2.275,6,0,
N4,2026-09-24,EsaO-mNG / [EsaO]2-mNG DNA template titration +/- AHSL (EsaR fixed at highest prior dose),[EsaO]2-mNG + 6nM DNA,Sample,10,2.275,6,0,
N6,2026-09-24,EsaO-mNG / [EsaO]2-mNG DNA template titration +/- AHSL (EsaR fixed at highest prior dose),[EsaO]2-mNG + 6nM DNA + AHSL,Sample,10,2.275,6,5,
N7,2026-09-24,EsaO-mNG / [EsaO]2-mNG DNA template titration +/- AHSL (EsaR fixed at highest prior dose),[EsaO]2-mNG + 6nM DNA + AHSL,Sample,10,2.275,6,5,
N8,2026-09-24,EsaO-mNG / [EsaO]2-mNG DNA template titration +/- AHSL (EsaR fixed at highest prior dose),[EsaO]2-mNG + 6nM DNA + AHSL,Sample,10,2.275,6,5,
N10,2026-09-24,EsaO-mNG / [EsaO]2-mNG DNA template titration +/- AHSL (EsaR fixed at highest prior dose),[EsaO]2-mNG + 9nM DNA,Sample,10,2.275,9,0,
N11,2026-09-24,EsaO-mNG / [EsaO]2-mNG DNA template titration +/- AHSL (EsaR fixed at highest prior dose),[EsaO]2-mNG + 9nM DNA,Sample,10,2.275,9,0,
N12,2026-09-24,EsaO-mNG / [EsaO]2-mNG DNA template titration +/- AHSL (EsaR fixed at highest prior dose),[EsaO]2-mNG + 9nM DNA,Sample,10,2.275,9,0,
N14,2026-09-24,EsaO-mNG / [EsaO]2-mNG DNA template titration +/- AHSL (EsaR fixed at highest prior dose),[EsaO]2-mNG + 9nM DNA + AHSL,Sample,10,2.275,9,5,
N15,2026-09-24,EsaO-mNG / [EsaO]2-mNG DNA template titration +/- AHSL (EsaR fixed at highest prior dose),[EsaO]2-mNG + 9nM DNA + AHSL,Sample,10,2.275,9,5,
N16,2026-09-24,EsaO-mNG / [EsaO]2-mNG DNA template titration +/- AHSL (EsaR fixed at highest prior dose),[EsaO]2-mNG + 9nM DNA + AHSL,Sample,10,2.275,9,5,
