Well,Date,Experiment,Name,Type,Rxn Volume (uL),pH,OS Energy Solution Mix Vol (uL),OS Vesicle Buffer Vol (uL),PLA1-GUV Suspension Vol (uL),CPRG-LUV Suspension Vol (uL),PLA1-GUV Composition,CPRG-LUV Composition,OS Energy Solution Mix Composition,OS Vesicle Buffer Composition
D4,2026-09-25,pH-gated PLA1 two-vesicle lysis cascade,"pH 7.6, PLA1-GUV only",Control,60,7.6,52.8,6.2,1,0,PLA1-GUV-composition.csv,CPRG-LUV-composition.csv,energy-solution-mix-pH7.6-composition.csv,outer-solution-composition.csv
D5,2026-09-25,pH-gated PLA1 two-vesicle lysis cascade,"pH 6.3, PLA1-GUV only",Control,60,6.3,52.8,6.2,1,0,PLA1-GUV-composition.csv,CPRG-LUV-composition.csv,energy-solution-mix-pH6.3-composition.csv,outer-solution-composition.csv
E4,2026-09-25,pH-gated PLA1 two-vesicle lysis cascade,"pH 7.6, PLA1-GUV + CPRG-LUV",Sample,60,7.6,52.8,2.1,3,2.1,PLA1-GUV-composition.csv,CPRG-LUV-composition.csv,energy-solution-mix-pH7.6-composition.csv,outer-solution-composition.csv
E5,2026-09-25,pH-gated PLA1 two-vesicle lysis cascade,"pH 6.3, PLA1-GUV + CPRG-LUV",Sample,60,6.3,52.8,2.1,3,2.1,PLA1-GUV-composition.csv,CPRG-LUV-composition.csv,energy-solution-mix-pH6.3-composition.csv,outer-solution-composition.csv
F4,2026-09-25,pH-gated PLA1 two-vesicle lysis cascade,"pH 7.6, PLA1-GUV + CPRG-LUV",Sample,60,7.6,52.8,2.1,3,2.1,PLA1-GUV-composition.csv,CPRG-LUV-composition.csv,energy-solution-mix-pH7.6-composition.csv,outer-solution-composition.csv
F5,2026-09-25,pH-gated PLA1 two-vesicle lysis cascade,"pH 6.3, PLA1-GUV + CPRG-LUV",Sample,60,6.3,52.8,2.1,3,2.1,PLA1-GUV-composition.csv,CPRG-LUV-composition.csv,energy-solution-mix-pH6.3-composition.csv,outer-solution-composition.csv
G4,2026-09-25,pH-gated PLA1 two-vesicle lysis cascade,"pH 7.6, CPRG-LUV only",Control,60,7.6,52.8,5.1,0,2.1,PLA1-GUV-composition.csv,CPRG-LUV-composition.csv,energy-solution-mix-pH7.6-composition.csv,outer-solution-composition.csv
G5,2026-09-25,pH-gated PLA1 two-vesicle lysis cascade,"pH 6.3, CPRG-LUV only",Control,60,6.3,52.8,5.1,0,2.1,PLA1-GUV-composition.csv,CPRG-LUV-composition.csv,energy-solution-mix-pH6.3-composition.csv,outer-solution-composition.csv
H4,2026-09-25,pH-gated PLA1 two-vesicle lysis cascade,"pH 7.6 arm, PLA1-GUV, no energy solution mix",Control,60,7.6,0,59,1,0,PLA1-GUV-composition.csv,CPRG-LUV-composition.csv,,outer-solution-composition.csv
