Component,Final conc.,Stock conc.,Volume (uL),Company,Catalog No.
Spermidine,1.5 mM,1 M,12,Millipore Sigma,S2626
Creatine phosphate,25 mM,1 M,200,Millipore Sigma,10621714001
Magnesium acetate tetrahydrate,18 mM,1 M (55.55x),144,Millipore Sigma,M5661
L-Glutamic acid potassium salt monohydrate,280 mM,2 M (7.142857x),1120,Millipore Sigma,G1501
Folinic acid calcium salt hydrate,0.3818 mM,332 mM (869.565x),9.2,Millipore Sigma,F7878
ATP,3.75 mM,100 mM (26.6667x),300,Millipore Sigma,A6419-1G or 5G
GTP,2.5 mM,100 mM,200,Millipore Sigma,G8877-250MG
CTP,1.25 mM,100 mM,100,Millipore Sigma,C1506-250MG
UTP,1.25 mM,100 mM,100,Millipore Sigma,U6750-1G or 500MG
Amino acid mix (RTS Amino Acid Sampler),0.3 mM,6 mM (20x),400,Biotechrabbit,BR1401801
UPDI (water),,,1414.8,,
Total,,,4000,,
